{"cameraMode":{"drawMode":0,"name":"Shaded","section":"Shading Mode"},"sceneLighting":true,"audioPlay":false,"sceneViewState":{"m_AlwaysRefresh":false,"showFog":true,"showSkybox":true,"showFlares":true,"showImageEffects":true,"showParticleSystems":true,"showVisualEffectGraphs":true,"m_FxEnabled":true},"in2DMode":false,"pivot":{"x":15.320588111877442,"y":2.887737512588501,"z":12.699661254882813},"rotation":{"x":0.12789198756217957,"y":-0.7178090214729309,"z":0.13686290383338929,"w":0.6707280874252319},"size":0.8660253882408142,"orthographic":false}