{"cameraMode":{"drawMode":0,"name":"Shaded","section":"Shading Mode"},"sceneLighting":true,"audioPlay":false,"sceneViewState":{"m_AlwaysRefresh":false,"showFog":true,"showSkybox":true,"showFlares":true,"showImageEffects":true,"showParticleSystems":true,"showVisualEffectGraphs":true,"m_FxEnabled":true},"in2DMode":false,"pivot":{"x":-0.5278985500335693,"y":1.7099472284317017,"z":3.4952187538146974},"rotation":{"x":0.04213855043053627,"y":0.9529544711112976,"z":-0.15863709151744843,"w":0.2586934268474579},"size":0.16753186285495759,"orthographic":false}