{"cameraMode":{"drawMode":0,"name":"Shaded","section":"Shading Mode"},"sceneLighting":true,"audioPlay":false,"sceneViewState":{"m_AlwaysRefresh":false,"showFog":true,"showSkybox":true,"showFlares":true,"showImageEffects":true,"showParticleSystems":true,"showVisualEffectGraphs":true,"m_FxEnabled":true},"in2DMode":false,"pivot":{"x":13.267237663269043,"y":1.7699207067489625,"z":48.3375129699707},"rotation":{"x":0.009081851691007615,"y":-0.9807309508323669,"z":0.04134666174650192,"w":0.19326329231262208},"size":0.8660253882408142,"orthographic":false}