{"cameraMode":{"drawMode":0,"name":"Shaded","section":"Shading Mode"},"sceneLighting":true,"audioPlay":false,"sceneViewState":{"m_AlwaysRefresh":false,"showFog":true,"showSkybox":true,"showFlares":true,"showImageEffects":true,"showParticleSystems":true,"showVisualEffectGraphs":true,"m_FxEnabled":true},"in2DMode":false,"pivot":{"x":5.6409783363342289,"y":2.9311158657073976,"z":-0.8905346393585205},"rotation":{"x":0.0623193196952343,"y":-0.2716420292854309,"z":0.01763128861784935,"w":0.9602294564247131},"size":1.2247449159622193,"orthographic":false}