{"cameraMode":{"drawMode":0,"name":"Shaded","section":"Shading Mode"},"sceneLighting":true,"audioPlay":false,"sceneViewState":{"m_AlwaysRefresh":false,"showFog":true,"showSkybox":true,"showFlares":true,"showImageEffects":true,"showParticleSystems":true,"showVisualEffectGraphs":true,"m_FxEnabled":true},"in2DMode":false,"pivot":{"x":6.08315372467041,"y":18.062774658203126,"z":39.89540100097656},"rotation":{"x":0.051331281661987308,"y":-0.9392695426940918,"z":0.3044206500053406,"w":0.15033462643623353},"size":39.077049255371097,"orthographic":false}