{"cameraMode":{"drawMode":0,"name":"Shaded","section":"Shading Mode"},"sceneLighting":true,"audioPlay":false,"sceneViewState":{"m_AlwaysRefresh":false,"showFog":true,"showSkybox":true,"showFlares":true,"showImageEffects":true,"showParticleSystems":true,"showVisualEffectGraphs":true,"m_FxEnabled":true},"in2DMode":false,"pivot":{"x":-21.275915145874025,"y":28.715024948120118,"z":49.07029724121094},"rotation":{"x":0.029469052329659463,"y":-0.9689639806747437,"z":0.14440518617630006,"w":0.1992013305425644},"size":2.1328418254852297,"orthographic":false}