{"cameraMode":{"drawMode":0,"name":"Shaded","section":"Shading Mode"},"sceneLighting":true,"audioPlay":false,"sceneViewState":{"m_AlwaysRefresh":false,"showFog":true,"showSkybox":true,"showFlares":true,"showImageEffects":true,"showParticleSystems":true,"showVisualEffectGraphs":true,"m_FxEnabled":true},"in2DMode":false,"pivot":{"x":-4.066797256469727,"y":0.2843914031982422,"z":-11.060440063476563},"rotation":{"x":-0.019159235060214998,"y":0.9805805087089539,"z":-0.09317071735858917,"w":-0.17894825339317323},"size":29.2470645904541,"orthographic":false}