{"cameraMode":{"drawMode":0,"name":"Shaded","section":"Shading Mode"},"sceneLighting":false,"audioPlay":false,"sceneViewState":{"m_AlwaysRefresh":false,"showFog":true,"showSkybox":false,"showFlares":true,"showImageEffects":true,"showParticleSystems":true,"showVisualEffectGraphs":true,"m_FxEnabled":true},"in2DMode":false,"pivot":{"x":736.2651977539063,"y":664.6851196289063,"z":-534.2887573242188},"rotation":{"x":-0.06958725303411484,"y":-0.028694400563836099,"z":0.0027639970649033787,"w":-0.9983019828796387},"size":154.8615264892578,"orthographic":false}